id,topic_en,topic_ko,keywords
golf-etiquette-japan,Essential Golf Etiquette in Japan,일본 골프 매너와 에티켓 가이드,manner,etiquette,rules
best-winter-golf,Top 5 Winter Golf Destinations in Kyushu,겨울철 라운딩하기 좋은 규슈 골프장 TOP 5,winter golf,kyushu,travel
booking-tips-japan,How to Book Golf Courses in Japan as a Foreigner,외국인 일본 골프장 예약 방법 총정리,booking tips,reservation,rakuten gora
luggage-delivery-service,Using Takkyubin for Golf Club Delivery in Japan,일본 골프백 택배(택배편) 서비스 이용 가이드,luggage delivery,takkyubin,convenience
hokkaido-summer-golf,Cool Summer Golf Escapes in Hokkaido,여름에도 시원한 홋카이도 골프 여행 가이드,hokkaido,summer golf,luxury
driving-cart-rules,Guide to Driving Golf Carts in Japan,일본 골프장 카트 운전 및 이용 규칙 가이드,golf cart,rules,gps cart
half-time-lunch,The Japanese Golf Lunch Break Tradition,일본 골프장 9홀 종료 후 점심 식사 문화,lunch break,tradition,restaurant
rental-clubs-japan,How to Rent Golf Clubs in Japanese Courses,일본 골프장 클럽 렌탈 방법 및 팁,rental clubs,travel tips,gear
onsen-after-golf,Best Golf Courses with Natural Onsen,라운딩 후 즐기는 천연 온천 골프장 추천,onsen,hot springs,healing
self-play-vs-caddy,Choosing Between Self-Play and Caddy Service,노캐디 플레이 vs 캐디 플레이 비교 및 선택 팁,self play,caddy,cost saving
tokyo-near-golf,Best Day-Trip Golf Courses from Tokyo,도쿄에서 당일치기 가능한 근교 골프장 추천,tokyo,day trip,access
okinawa-ocean-golf,Top Seaside Golf Links in Okinawa,오키나와 바다 전망 해변 링크스 골프장 TOP 5,okinawa,ocean view,resort
autumn-leaves-golf,Most Scenic Golf Courses for Autumn Foliage,단풍이 아름다운 일본 골프장 베스트 10,autumn,foliage,scenic
spring-cherry-blossom-golf,Golfing Under Cherry Blossoms in Japan,벚꽃 라운딩을 즐길 수 있는 일본 골프장 추천,spring,cherry blossoms,sakura
value-for-money-golf,Budget-Friendly Golf Courses Near Osaka,오사카 근교 가성비 좋은 저가 골프장 가이드,osaka,budget golf,value
luxury-golf-experience,Top 3 Most Expensive Golf Clubs in Japan,일본 최고의 럭셔리 명문 프라이빗 골프장 TOP 3,luxury,exclusive,prestige
mt-fuji-view-golf,Golf Courses with Breathtaking Mt. Fuji Views,후지산 절경을 조망하며 라운딩하는 골프장,mt fuji,view,shizuoka
night-golf-japan,Where to Enjoy Night Golf Near Tokyo,도쿄 근교 야간 라운딩 가능한 골프장 안내,night golf,lighting,summer
women-friendly-golf,Top 5 Women-Friendly Golf Courses in Japan,여성 골퍼를 위한 시설이 훌륭한 일본 골프장 추천,women golfers,amenities,spa
golf-and-shopping-gotemba,Golf and Shopping Trip to Gotemba Outlet,고텐바 프리미엄 아웃렛과 연계한 골프 여행,shopping,outlet,gotemba
kobe-golf-history,The History of Golf in Kobe and Hyogo,일본 골프의 발상지 고베와 효고현 골프 역사,history,kobe,hyogo
miyazaki-pro-tour-courses,Play Where the Pros Play in Miyazaki,미야자키 프로 대회가 열리는 챔피언십 코스 탐방,miyazaki,pro tour,championship
dress-code-guide,Golf Dress Code in Japan: What to Wear,일본 골프장 복장 규정(드레스코드) 완벽 가이드,dress code,fashion,apparel
pga-tour-venues-japan,Visit the Venues of PGA Tour in Japan,일본에서 PGA 대회가 열렸던 명문 코스 리스트,pga tour,tournament,venues
chipping-and-putting-practice,Best Practice Facilities in Japanese Courses,일본 골프장 내 어프로치 및 퍼팅 연습장 활용법,practice,training,facilities
stay-and-play-karuizawa,Summer Golf Resorts in Karuizawa,여름 휴양지 가루이자와의 스테이 앤 플레이 리스트,karuizawa,resort,stay and play
golf-tax-exemption,How to Get Golf Tax Exemption for Foreigners,외국인 골프 이용세 면제 받는 방법 및 서류,tax,discount,foreigner
beginner-friendly-courses,Easiest Golf Courses for Beginners in Japan,초보자도 즐겁게 라운딩할 수 있는 쉬운 코스 추천,beginner,easy course,flat
single-golfer-booking,How to Book Golf for a Single Player,일본에서 1인 라운딩(조인) 예약하는 방법,single golfer,join,booking
golf-insurance-for-travelers,Do You Need Golf Insurance for Japan Trip?,일본 골프 여행 시 골프 보험이 필요할까?,insurance,safety,travel
best-souvenirs-proshop,Top Items to Buy at Japanese Course Pro-shops,일본 골프장 프로샵에서 꼭 사야 할 기념품 리스트,souvenirs,shopping,pro-shop
understanding-scorecards,How to Read Japanese Golf Scorecards,일본 골프장 스코어카드 읽는 법과 용어 정리,scorecard,terms,language
driving-distance-etiquette,Distance Etiquette on Japanese Fairways,일본 골프장에서의 비거리 매너와 안전 수칙,distance,safety,etiquette
trash-and-smoking-rules,Smoking and Trash Policies on the Course,일본 코스 내 흡연 규정 및 쓰레기 배출 매너,smoking,trash,policy
using-gps-navigation,Tips for Using Japanese Golf Cart GPS,일본 카트 GPS 내비게이션 활용 및 거리 확인법,gps,cart,navigation
kanto-vs-kansai-golf,Differences Between Kanto and Kansai Golf,도쿄(간토)와 오사카(간사이) 골프장 문화 비교,kanto,kansai,culture
chiba-golf-paradise,Why Chiba is the Golf Capital of Japan,지바현이 일본 골프의 성지라 불리는 이유,chiba,capital,variety
golfing-with-kids,Family-Friendly Golf Courses for Kids,아이와 함께 라운딩 가능한 가족형 골프장 추천,family,kids,vacation
public-vs-private-access,How to Access Exclusive Private Clubs,일본의 프라이빗 회원제 골프장 이용 방법,private club,access,membership
seasonal-weather-tips,Best Time of Year for Golfing in Japan,일본 골프 여행 시기별 날씨와 복장 준비 팁,weather,season,clothing
narita-airport-golf,Top Golf Courses Near Narita Airport,나리타 공항 근처 마지막 라운딩하기 좋은 코스,narita,airport,access
korean-friendly-courses,Golf Courses with Korean Speaking Staff,한국어 응대가 가능한 일본 골프장 리스트,korean staff,service,friendly
using-locker-rooms,Guide to Japanese Golf Locker Room Manners,일본 골프장 락커룸 이용 매너 및 온천 에티켓,locker room,manners,bath
caddy-tip-culture,Is Tipping Expected for Caddies in Japan?,일본 골프장 캐디 팁 문화와 지불 방식 안내,tip,caddy,payment
golf-language-essentials,Essential Japanese Phrases for Golfers,라운딩 중 꼭 필요한 일본어 골프 용어 및 회화,language,phrases,communication
best-golf-restaurants,Golf Courses Famous for Their Gourmet Food,음식이 맛있기로 소문난 일본 골프장 미식 가이드,gourmet,food,restaurant
two-ball-play-tips,Where to Find 2-Ball Play Options in Japan,일본에서 2인 라운딩(2인 플레이) 가능한 골프장,2-ball,couple,booking
high-altitude-golf,Enjoy Long Distance at High Altitude Courses,비거리가 늘어나는 고지대 골프 라운딩의 매력,high altitude,distance,mountains
golf-trolley-experience,Walking with Trolleys in Traditional Courses,전통적인 워킹 라운딩과 트롤리 이용 방법,trolley,walking,tradition
ibaraki-hidden-gems,Explore Hidden Gem Golf Courses in Ibaraki,이바라키현의 숨겨진 보석 같은 골프장 탐방,ibaraki,hidden gem,exploration
hyogo-the-golf-kingdom,Why Hyogo has the Most Golf Courses,일본에서 골프장이 가장 많은 효고현 골프 투어,hyogo,kingdom,variety
winter-discount-packages,How to Find Winter Golf Deals in Japan,일본 겨울 골프 할인 패키지 찾는 노하우,winter deal,discount,package
rainy-season-golf,Tips for Golfing During Tsuyu (Rainy Season),일본 장마철(츠유) 라운딩 시 주의사항과 팁,rainy season,tsuyu,protection
summer-cooling-gear,Must-Have Cooling Gear for Summer Golf,일본의 무더운 여름 라운딩을 위한 쿨링 아이템,summer,cooling gear,heat
shikoku-hidden-links,Beautiful Coastal Courses in Shikoku,시코쿠 지역의 아름다운 해안 골프장 투어,shikoku,links,coast
hiroshima-golf-and-history,Combining Golf and Sightseeing in Hiroshima,히로시마 골프 라운딩과 역사 관광 코스 제안,hiroshima,sightseeing,travel
nagoya-miso-katsu-golf,Nagoya Golf Tours and Local Gourmet,나고야 골프 여행과 로컬 맛집 미소카츠 탐방,nagoya,gourmet,travel
tohoku-nature-golf,Playing in the Wild Nature of Tohoku,도호쿠의 웅장한 대자연 속 골프 코스 체험,tohoku,nature,wilderness
fukuoka-foodie-golf,The Ultimate Golf and Ramen Tour in Fukuoka,후쿠오카 라운딩과 라멘 미식 골프 여행,fukuoka,ramen,foodie
golf-cart-gps-features,Advanced Features of Japanese Golf Carts,일본 최신형 골프 카트의 스마트 기능 활용법,gps,smart cart,technology
how-to-check-in-early,Japanese Golf Club Check-in Procedures,일본 골프장 도착 시 체크인 절차와 시간 엄수,check-in,manners,procedure
golf-handicap-usage,Using Your Handicap Index in Japanese Clubs,일본 골프장에서 핸디캡 증명서 활용하는 방법,handicap,index,verification
after-golf-izakaya,Best Izakaya Areas Near Major Golf Hubs,주요 골프 지역 근처 라운딩 후 뒤풀이하기 좋은 곳,izakaya,party,after-golf
golf-ball-buying-guide,Best Places to Buy Cheap Golf Balls in Japan,일본에서 저렴하게 골프공을 구매할 수 있는 곳,golf balls,shopping,discount
unique-course-designs,Most Unique Golf Course Architectures in Japan,일본에서 가장 독특한 설계를 가진 골프장 리스트,architecture,design,unique
links-vs-forest-courses,Choosing Between Links and Forest Courses,링크스 코스 vs 숲속(임간) 코스 취향별 선택 팁,links,forest,style
golf-app-recommendations,Must-Have Apps for Golfing in Japan,일본 골프 여행 시 필수 스마트폰 앱 추천,mobile apps,utility,tools
local-tournaments-join,Participating in Open Local Tournaments,외국인도 참여 가능한 일본 현지 오픈 대회 정보,tournament,competition,open
shizuoka-tea-and-golf,Golfing Amidst Tea Plantations in Shizuoka,시즈오카 녹차 밭 풍경 속의 이색 라운딩,shizuoka,tea,green
kyoto-temple-golf,Ancient Temples and Golfing in Kyoto,교토의 고대 사찰 관광과 골프를 결합한 여행,kyoto,temples,culture
booking-cancellation-policy,Understanding Cancellation Fees in Japan,일본 골프장 예약 취소 수수료 규정 숙지하기,cancellation,fee,policy
driving-range-etiquette,Warm-up Tips at Japanese Driving Ranges,일본 골프장 내 드라이빙 레인지 이용 에티켓,driving range,warm-up,practice
rental-cars-for-golf,Tips for Renting a Car for Golf Travel,일본 골프백 적재 가능한 렌터카 예약 팁,rental car,transportation,suv
golfing-with-non-golfers,Golf Courses with Activities for Non-Golfers,비골퍼 동행인도 즐거운 복합 골프 리조트,non-golfers,resort,activities
most-challenging-bunkers,Face the Deepest Bunkers in Japanese Courses,일본에서 가장 악명 높은 깊은 벙커 코스 도전,bunkers,challenge,hazards
fastest-pace-of-play,How to Keep the Pace of Play in Japan,일본 골프장 경기 속도(진행) 기준과 준수 요령,pace of play,speed,etiquette
golf-score-terms-japanese,Japanese Vocabulary for Golf Scores,버디, 이글, 보기를 부르는 일본어 표현들,vocabulary,terms,score
top-rated-halfway-houses,Best Kiosk and Halfway Houses in Japan,일본 골프장 그늘집에서 꼭 먹어봐야 할 간식,halfway house,kiosk,snack
winter-hot-pot-lunch,Traditional Nabe Lunch During Winter Golf,겨울 라운딩 중 즐기는 뜨끈한 나베(전골) 점심,winter food,nabe,lunch
scenic-island-golf,Golfing in the Small Islands of Japan,일본의 작은 섬(낙도)에서 즐기는 이색 골프,island,exotic,adventure
golf-fashion-trends-japan,Current Golf Fashion Trends in Japan,현재 일본에서 유행하는 골프 패션과 트렌드,fashion,trends,style
stay-at-ryokan-golf,Combining Ryokan Stays with Golf Rounds,전통 료칸 숙박과 골프를 결합한 럭셔리 투어,ryokan,tradition,luxury
gunma-mountain-golf,Dynamic Mountain Golfing in Gunma,군마현의 역동적인 산악 지형 골프 코스 체험,gunma,mountain,dynamic
tochigi-golf-resorts,A Guide to Premium Golf Resorts in Tochigi,도치기현의 프리미엄 골프 리조트 투어 가이드,tochigi,resort,premium
best-pro-shops-tokyo,Top Golf Stores in Tokyo for Foreigners,도쿄 시내 외국인 쇼핑객을 위한 대형 골프 매장,tokyo stores,shopping,gear
custom-club-fitting-japan,Getting a Custom Club Fitting in Japan,일본 현지에서의 커스텀 클럽 피팅 체험 방법,fitting,custom,gear
golf-travel-packing-list,Ultimate Packing List for Japan Golf Trip,일본 골프 여행을 위한 완벽한 준비물 체크리스트,packing,checklist,travel
transporting-golf-clubs-airport,Rules for Carrying Golf Clubs on Trains,일본 전철이나 버스 이용 시 골프백 휴대 규칙,train,airport,transport
pension-stays-for-golf,Staying at Cozy Pensions for Golf Trips,골프장 근처 아기자기한 펜션 숙소 이용하기,pension,accommodation,budget
golf-and-sake-tasting,Golfing Near Famous Sake Breweries,유명 사케 양조장 근처 골프장과 양조장 견학,sake,brewery,tasting
playing-on-bent-grass,Tips for Putting on Bent Grass Greens,일본 골프장 벤트그라스 그린에서의 퍼팅 요령,bent grass,putting,greens
korai-grass-putting-tips,How to Master Korai Grass Greens,일본 특유의 코라이그라스(고려잔디) 그린 공략법,korai grass,greens,technique
etiquette-for-bathhouse,Traditional Bathhouse Etiquette After Golf,일본 골프장 대욕장 이용 시 지켜야 할 예절,bathhouse,sento,etiquette
golf-souvenirs-edible,Best Edible Souvenirs from Japanese Courses,일본 골프장에서 파는 지역 특산물 먹거리 선물,souvenirs,gourmet,food
nightlife-near-golf-hubs,Best Cities for Nightlife After Golfing,라운딩 후 화려한 밤문화를 즐기기 좋은 도시,nightlife,city,entertainment
eco-friendly-golf-courses,Eco-Friendly and Sustainable Golfing in Japan,일본의 친환경 골프장과 지속 가능한 라운딩,eco-friendly,sustainability,nature
history-of-caddy-service,The Evolution of Caddy Services in Japan,일본 캐디 서비스의 역사와 현대적 변화상,caddy,history,evolution
top-5-bucket-list-courses,Your Japan Golf Bucket List: Top 5 Courses,일본 골프 여행 중 꼭 가봐야 할 버킷리스트 TOP 5,bucket list,top courses,dream
how-to-use-rakuten-gora,Step-by-Step Guide for Rakuten GORA App,라쿠텐 고라 앱 이용 및 예약 방법 단계별 안내,rakuten gora,app,tutorial
conclusion-planning-japan-golf,Summary and Final Tips for Your Japan Trip,일본 골프 여행 계획을 위한 최종 요약 및 꿀팁,conclusion,summary,travel